ts	phase	decision	why	evidence	result
2026-09-27T21:07:33+00:00	frame	Use pstack for the remaining review and refinement pass	The user requested pstack after implementation and initial checks	docs/pet-companions-review.md	review in progress
2026-09-27T21:07:33+00:00	verification	Keep the longer pet retention measurement	The initial 12-cycle run exceeded the heap threshold; 30 cycles distinguish warm-up from continuing growth	.lh/out/2026-09-27T21-02-06-heap	working and main pass; confirm artifact path before final
2026-09-27T21:07:33+00:00	review	Run the scoped Comment Sicko review	The repository prohibits new code comments	git diff main; src/core/pet-bonds.js; src/features/pet/pet-portrait.js	zero added or modified comments and suppressions
2026-09-27T21:09:23+00:00	verification	Correct the earlier retention evidence pointer	The earlier row used the wrong timestamp; this row supersedes that evidence cell	.lh/out/2026-09-27T21-02-22-heap/this.json; .lh/out/2026-09-27T21-02-22-heap/against.json	working growth 15.2 KB per cycle and main 19.8 KB per cycle in the second half; both pass
2026-09-27T21:09:23+00:00	verification	Wait for adoption play before testing a fresh fox tap	The existing hearts came from welcome play; a tap still saved the cuddle	scripts/lh/flows/pet.mjs	25 of 25 pet checks pass
2026-09-27T21:09:23+00:00	performance	Keep the reduced geometry and empty-overlay fast return	Extra pet props fit the existing mesh; an inactive overlay needs no frame work	.lh/out/2026-09-27T21-06-40-perf/perf.json	185.7 ms/s versus 188.4 main; 146 draw calls on both; difference within noise
2026-09-27T21:09:23+00:00	delivery	Use GitHub CLI for the pull request	Origin is not installed; gh is available	AGENTS.md; git remote -v	forge selected
2026-09-27T21:21:57+00:00	review	Accept and repair all concrete reviewer findings	Each issue had an observable path affecting rewards, editing, timing, or readability	src/core/pet-bonds.test.js; scripts/verify-room.mjs; e2e/companions.spec.js	191 unit tests and room/guard pass; targeted browser regressions pass
2026-09-27T21:21:57+00:00	scope	Add friendships within the owned collection and redesign the companion page	The user requested friendships and selected the local-collection starting point	.lh/pstack-friendships/judgment.md	design chosen; implementation in progress
